sub_reddit	en	ru	uk	en_percent	ru_percent	uk_percent
CombatFootage	1249913.0	2301.0	561.0	97.23	0.18	0.04
CredibleDefense	102846.0	32.0	8.0	99.48	0.03	0.01
RussiaUkraineWar2022	297347.0	1348.0	390.0	96.57	0.44	0.13
UkraineConflict	64552.0	179.0	92.0	97.42	0.27	0.14
UkraineInvasionVideos	102715.0	501.0	156.0	95.8	0.47	0.15
UkraineWarReports	79781.0	274.0	74.0	96.59	0.33	0.09
UkraineWarVideoReport	1402983.0	4007.0	1077.0	96.61	0.28	0.07
UkrainianConflict	1529187.0	2504.0	897.0	97.89	0.16	0.06
geopolitics	41286.0	20.0	4.0	99.37	0.05	0.01
ukraina	93339.0	10675.0	10318.0	78.79	9.01	8.71
ukraine	3544112.0	8399.0	5681.0	97.09	0.23	0.16
war	95281.0	396.0	61.0	96.14	0.4	0.06
sub_reddit	en	ru	uk	en_percent	ru_percent	uk_percent
CombatFootage	1249913.0	2301.0	561.0	97.23	0.18	0.04
CredibleDefense	102846.0	32.0	8.0	99.48	0.03	0.01
RussiaUkraineWar2022	297347.0	1348.0	390.0	96.57	0.44	0.13
UkraineConflict	64552.0	179.0	92.0	97.42	0.27	0.14
UkraineInvasionVideos	102715.0	501.0	156.0	95.8	0.47	0.15
UkraineWarReports	79781.0	274.0	74.0	96.59	0.33	0.09
UkraineWarVideoReport	1402983.0	4007.0	1077.0	96.61	0.28	0.07
UkrainianConflict	1529187.0	2504.0	897.0	97.89	0.16	0.06
geopolitics	41286.0	20.0	4.0	99.37	0.05	0.01
ukraina	93339.0	10675.0	10318.0	78.79	9.01	8.71
ukraine	3544112.0	8399.0	5681.0	97.09	0.23	0.16
war	95281.0	396.0	61.0	96.14	0.4	0.06
